{"cameraMode":{"drawMode":0,"name":"Shaded","section":"Shading Mode"},"sceneLighting":true,"audioPlay":false,"sceneViewState":{"showFog":true,"showMaterialUpdate":false,"showSkybox":true,"showFlares":true,"showImageEffects":true,"showParticleSystems":true},"in2DMode":false,"pivot":{"x":-0.17702576518058778,"y":2.042970895767212,"z":0.02812499925494194},"rotation":{"x":0.15970849990844727,"y":-0.03552962839603424,"z":0.005751989781856537,"w":0.9865078926086426},"size":9.507835388183594,"orthographic":true}